rank,rank_change,brand_name,goods_name,price,image_url,카테고리 이름,store,ranking_type
4.0,2,VT,VT PDRN 광채시트마스크 1매 25 g,1000,https://cdn.daisomall.co.kr/file/PD/20250929/VaaKV3bgiDTNm72FbhfR1067499_00_01VaaKV3bgiDTNm72FbhfR.jpg/dims/resize/1280/quality/90/format/avif/optimize,마스크팩,다이소,3월 베스트 랭킹
5.0,-2,본셉 스킨케어,본셉 비타씨 동결 건조 더블샷 앰플 키트,5000,https://cdn.daisomall.co.kr/file/PD/20251216/lcOc1IVBETy66kefZV8g1061918_00_00lcOc1IVBETy66kefZV8g.jpg/dims/resize/1280/quality/90/format/avif/optimize,스킨케어,다이소,3월 베스트 랭킹
7.0,0,VT,VT PDRN 광채토너 200 ml,5000,https://cdn.daisomall.co.kr/file/PD/20250929/ne9YHnao1D592hc9xmCp1067495_00_01ne9YHnao1D592hc9xmCp.jpg/dims/resize/1280/quality/90/format/avif/optimize,스킨케어,다이소,3월 베스트 랭킹
8.0,-1,마데카21,마데카21 테카 솔루션 수딩 미스트 토너 200 ml,5000,https://cdn.daisomall.co.kr/file/PD/20251212/lVe1TsvXyVn9pzpTvOMD1044553_00_00lVe1TsvXyVn9pzpTvOMD.jpg/dims/resize/1280/quality/90/format/avif/optimize,스킨케어,다이소,3월 베스트 랭킹
12.0,1,셀더마 데일리,셀더마데일리 트랜스포밍 아줄렌카밍 마스크 28 g,2000,https://cdn.daisomall.co.kr/file/PD/20250429/tW0T7spnNIGwTYPuD2KH1059832_00_01tW0T7spnNIGwTYPuD2KH.jpg/dims/resize/1280/quality/90/format/avif/optimize,마스크팩,다이소,3월 베스트 랭킹
13.0,0,daiso,에그캡슐팩,500,https://cdn.daisomall.co.kr/file/PD/20231229/aPjP9nDwUi9Qs5hDMlkI1034517_00_00aPjP9nDwUi9Qs5hDMlkI.jpg/dims/resize/1280/quality/90/format/avif/optimize,마스크팩,다이소,3월 베스트 랭킹
14.0,-1,VT,VT PDRN 광채크림 50 ml,5000,https://cdn.daisomall.co.kr/file/PD/20251226/wj1JQs4g8q0tBuz4c7jF1067498_00_01wj1JQs4g8q0tBuz4c7jF.jpg/dims/resize/1280/quality/90/format/avif/optimize,스킨케어,다이소,3월 베스트 랭킹
15.0,-2,VT,VT 리들샷 100 페이셜 부스팅 퍼스트 앰플 2ml*6개입,3000,https://cdn.daisomall.co.kr/file/PD/20251226/0XsdymYj3PJyHpuxNOsm1049275_00_010XsdymYj3PJyHpuxNOsm.jpg/dims/resize/1280/quality/90/format/avif/optimize,스킨케어,다이소,3월 베스트 랭킹
19.0,-2,daiso,팩미인 하이드로겔 브이 마스크팩,1000,https://cdn.daisomall.co.kr/file/PD/20240228/5CbxiMTJlfo8lBTONcIF1018161_00_005CbxiMTJlfo8lBTONcIF.jpg/dims/resize/1280/quality/90/format/avif/optimize,마스크팩,다이소,3월 베스트 랭킹
20.0,-1,더랩 바이 블랑두,더랩 바이 블랑두 클리어 히알 물광 부스터 앰플 30 ml,5000,https://cdn.daisomall.co.kr/file/PD/20251231/wfPC4Z9JWor0Iq7HY3ZD1060644_00_00wfPC4Z9JWor0Iq7HY3ZD.jpg/dims/resize/1280/quality/90/format/avif/optimize,스킨케어,다이소,3월 베스트 랭킹
22.0,-2,VT,VT 리들샷 300 페이셜 부스팅 퍼스트 앰플 2ml*6개입,3000,https://cdn.daisomall.co.kr/file/PD/20251226/biuEYxzjCmX6JMJEi1e01049276_00_01biuEYxzjCmX6JMJEi1e0.jpg/dims/resize/1280/quality/90/format/avif/optimize,스킨케어,다이소,3월 베스트 랭킹
24.0,-2,VT,VT PDRN 광채리프팅마스크 1매 27 g+광채에센스 1.5 ml,2000,https://cdn.daisomall.co.kr/file/PD/20251031/vqLOvtmpEIgiT5E4Vo0l1067500_00_01vqLOvtmpEIgiT5E4Vo0l.jpg/dims/resize/1280/quality/90/format/avif/optimize,마스크팩,다이소,3월 베스트 랭킹
28.0,2,더랩 바이 블랑두,더랩 바이 블랑두 클리어 히알 물광 크림 50 ml,5000,https://cdn.daisomall.co.kr/file/PD/20251231/aTi0jw3qlVzLpZ0I2EIX1060645_00_00aTi0jw3qlVzLpZ0I2EIX.jpg/dims/resize/1280/quality/90/format/avif/optimize,스킨케어,다이소,3월 베스트 랭킹
29.0,-2,마데카21,마데카21 테카 솔루션 수딩 크림 50 ml,5000,https://cdn.daisomall.co.kr/file/PD/20251212/8g0YXngSGzYvU8ufgjr11044554_00_008g0YXngSGzYvU8ufgjr1.jpg/dims/resize/1280/quality/90/format/avif/optimize,스킨케어,다이소,3월 베스트 랭킹
30.0,2,바세린,바세린 마스크팩 집중보습,1000,https://cdn.daisomall.co.kr/file/PD/20251231/a1rTbe8LgoPw9mu5HABd1027327_00_00a1rTbe8LgoPw9mu5HABd.jpg/dims/resize/1280/quality/90/format/avif/optimize,마스크팩,다이소,3월 베스트 랭킹
31.0,-2,본셉 스킨케어,본셉 레티놀 더블 브이핏 겔마스크 1매 22 g,2000,https://cdn.daisomall.co.kr/file/PD/20251223/7vjXali5USMdt3tkeAsb1072418_00_007vjXali5USMdt3tkeAsb.jpg/dims/resize/1280/quality/90/format/avif/optimize,마스크팩,다이소,3월 베스트 랭킹
32.0,-2,줌 바이 정샘물,줌 바이 정샘물 광프렙 부스터 30 ml,5000,https://cdn.daisomall.co.kr/file/PD/20260105/0TUD0gnc7SYmk0pgGn4C1072791_00_000TUD0gnc7SYmk0pgGn4C.jpg/dims/resize/1280/quality/90/format/avif/optimize,스킨케어,다이소,3월 베스트 랭킹
34.0,2,VT,VT PDRN 광채에센스 2 ml 6개입,3000,https://cdn.daisomall.co.kr/file/PD/20251226/cceyzI3mcdWkrllblcO41067496_00_01cceyzI3mcdWkrllblcO4.jpg/dims/resize/1280/quality/90/format/avif/optimize,스킨케어,다이소,3월 베스트 랭킹
35.0,1,본셉 스킨케어,본셉 레티놀 500 IU 세럼 30 ml,5000,https://cdn.daisomall.co.kr/file/PD/20251216/0lOXklS1nx5HxNuMya731055167_00_000lOXklS1nx5HxNuMya73.jpg/dims/resize/1280/quality/90/format/avif/optimize,스킨케어,다이소,3월 베스트 랭킹
37.0,0,파티온,파티온 노스카나인 퍼스트스텝 흔적앰플 30 ml,5000,https://cdn.daisomall.co.kr/file/PD/20251202/EGzX930is0fvOMC37MbX1071642_00_00EGzX930is0fvOMC37MbX.png/dims/resize/1280/quality/90/format/avif/optimize,스킨케어,다이소,3월 베스트 랭킹
39.0,2,VT,VT 프로그로스 골드 캡슐 마스크 7.5 g 3개입,2000,https://cdn.daisomall.co.kr/file/PD/20250929/FAUIWGZWknG7SrZzmRYR1049292_00_01FAUIWGZWknG7SrZzmRYR.jpg/dims/resize/1280/quality/90/format/avif/optimize,마스크팩,다이소,3월 베스트 랭킹
40.0,2,셀더마 데일리,셀더마데일리 콜라겐 에센스겔 마스크 29 g,1000,https://cdn.daisomall.co.kr/file/PD/20240109/8IB1YBxg81UqZXiKzXFM1042619_00_008IB1YBxg81UqZXiKzXFM.jpg/dims/resize/1280/quality/90/format/avif/optimize,마스크팩,다이소,3월 베스트 랭킹
42.0,1,본셉 스킨케어,본셉 레티놀 세럼 마스크 23 g,1000,https://cdn.daisomall.co.kr/file/PD/20251216/Oehv5PqMF4nvB0OzhyM51054672_00_00Oehv5PqMF4nvB0OzhyM5.jpg/dims/resize/1280/quality/90/format/avif/optimize,마스크팩,다이소,3월 베스트 랭킹
43.0,1,더랩 바이 블랑두,더랩바이블랑두 클리어히알결광 스킨핏프렙 40 ml,5000,https://cdn.daisomall.co.kr/file/PD/20251126/YE3oVrS9efGJcoOHvQP21073406_00_01YE3oVrS9efGJcoOHvQP2.jpg/dims/resize/1280/quality/90/format/avif/optimize,스킨케어,다이소,3월 베스트 랭킹
45.0,-1,입큰,입큰 퍼스널 톤 코렉팅 블러 팩트 5.5 g(라벤더),3000,https://cdn.daisomall.co.kr/file/PD/20260116/6GlixjcD2c9eF8MVjjSA1061379_00_006GlixjcD2c9eF8MVjjSA.jpg/dims/resize/1280/quality/90/format/avif/optimize,마스크팩,다이소,3월 베스트 랭킹
49.0,-2,VT,VT 리들샷 500 페이셜 부스팅 퍼스트 앰플 2ml*8개입,5000,https://cdn.daisomall.co.kr/file/PD/20251229/SpftDpHXKxW7Bat8r8Vp1057357_00_01SpftDpHXKxW7Bat8r8Vp.jpg/dims/resize/1280/quality/90/format/avif/optimize,스킨케어,다이소,3월 베스트 랭킹
50.0,-2,바세린,바세린 마스크팩 영양보습,1000,https://cdn.daisomall.co.kr/file/PD/20251231/sp26bx6dLGtYmqXREEvb1027328_00_00sp26bx6dLGtYmqXREEvb.jpg/dims/resize/1280/quality/90/format/avif/optimize,마스크팩,다이소,3월 베스트 랭킹
52.0,-2,본셉 스킨케어,본셉 레티놀 동결건조 더블샷 앰플 키트,5000,https://cdn.daisomall.co.kr/file/PD/20260123/7atGoOJ29MCKOvdnwiNQ1072417_00_017atGoOJ29MCKOvdnwiNQ.jpg/dims/resize/1280/quality/90/format/avif/optimize,스킨케어,다이소,3월 베스트 랭킹
53.0,1,daiso,감자 캡슐팩,500,https://cdn.daisomall.co.kr/file/PD/20231130/NyZnpJ1W0yzZZxGyWT371034520_00_00NyZnpJ1W0yzZZxGyWT37.jpg/dims/resize/1280/quality/90/format/avif/optimize,마스크팩,다이소,3월 베스트 랭킹
56.0,2,더랩 바이 블랑두,더랩바이블랑두 클리어히알결광 겔마스크 1매 25 g,1000,https://cdn.daisomall.co.kr/file/PD/20251126/VyaGMHD1aOBSOZzjPsKi1073409_00_01VyaGMHD1aOBSOZzjPsKi.jpg/dims/resize/1280/quality/90/format/avif/optimize,마스크팩,다이소,3월 베스트 랭킹
57.0,-2,daiso,화산송이 캡슐팩,500,https://cdn.daisomall.co.kr/file/PD/20240108/mpgu7KC6sCnElihVDHEt1034515_00_00mpgu7KC6sCnElihVDHEt.jpg/dims/resize/1280/quality/90/format/avif/optimize,마스크팩,다이소,3월 베스트 랭킹
59.0,-2,VT,VT PDRN 광채선에센스 50 ml,5000,https://cdn.daisomall.co.kr/file/PD/20250929/wzKrzwRCrDqgHZDTtgId1067497_00_01wzKrzwRCrDqgHZDTtgId.jpg/dims/resize/1280/quality/90/format/avif/optimize,스킨케어,다이소,3월 베스트 랭킹
65.0,2,셀더마 데일리,셀더마데일리 히알루 에센스겔 마스크 29 g,1000,https://cdn.daisomall.co.kr/file/PD/20240109/e7Zxh7l6BMIujeLOb29D1042615_00_00e7Zxh7l6BMIujeLOb29D.jpg/dims/resize/1280/quality/90/format/avif/optimize,마스크팩,다이소,3월 베스트 랭킹
68.0,-1,메디필,메디필 멜라논엑스 기미크림 30 ml,5000,https://cdn.daisomall.co.kr/file/PD/20251202/JnkokhJkl7RX7wd0O2DZ1068858_00_00JnkokhJkl7RX7wd0O2DZ.jpg/dims/resize/1280/quality/90/format/avif/optimize,스킨케어,다이소,3월 베스트 랭킹
72.0,1,어퓨_더퓨어,어퓨 더퓨어 티트리 스팟 세럼 8ml,3000,https://cdn.daisomall.co.kr/file/PD/20251128/5GvWifCJVjILEHXyZKJ51044970_00_005GvWifCJVjILEHXyZKJ5.png/dims/resize/1280/quality/90/format/avif/optimize,스킨케어,다이소,3월 베스트 랭킹
73.0,2,daiso,어성초 캡슐팩,500,https://cdn.daisomall.co.kr/file/PD/20231229/sap4Y5Kaa9sX1Pvq9Yrg1034516_00_00sap4Y5Kaa9sX1Pvq9Yrg.jpg/dims/resize/1280/quality/90/format/avif/optimize,마스크팩,다이소,3월 베스트 랭킹
77.0,1,본셉 스킨케어,본셉 디판테놀 동결건조 더블샷 앰플 키트,5000,https://cdn.daisomall.co.kr/file/PD/20251223/rx7lRSpqPEm6Fk1oonVX1072416_00_00rx7lRSpqPEm6Fk1oonVX.jpg/dims/resize/1280/quality/90/format/avif/optimize,스킨케어,다이소,3월 베스트 랭킹
79.0,1,메디필,메디필 물톡스 광채 보습 패드 2.0 50매입,5000,https://cdn.daisomall.co.kr/file/PD/20251202/rw0QUR8phiyBOWFfG4Mo1062241_00_00rw0QUR8phiyBOWFfG4Mo.jpg/dims/resize/1280/quality/90/format/avif/optimize,마스크팩,다이소,3월 베스트 랭킹
81.0,0,클리덤,클리덤 저분자 콜라겐 탄력 마스크 1매입 (종근당건강),2000,https://cdn.daisomall.co.kr/file/PD/20251205/a9VHG6nPforaDnxPEzgo1060546_00_00a9VHG6nPforaDnxPEzgo.jpg/dims/resize/1280/quality/90/format/avif/optimize,마스크팩,다이소,3월 베스트 랭킹
87.0,-2,daiso,식물원 알로에 프레시 수딩 마스크시트,500,https://cdn.daisomall.co.kr/file/PD/20231129/Mo8GADjp5NxbJMm7XQuA1038237_00_00Mo8GADjp5NxbJMm7XQuA.jpg/dims/resize/1280/quality/90/format/avif/optimize,마스크팩,다이소,3월 베스트 랭킹
91.0,-2,VT,VT 슈퍼 히알론 슬리핑 마스크 4 ml 6개입,3000,https://cdn.daisomall.co.kr/file/PD/20250929/gblFwiiyQbV92ezzjLMk1049285_00_01gblFwiiyQbV92ezzjLMk.jpg/dims/resize/1280/quality/90/format/avif/optimize,마스크팩,다이소,3월 베스트 랭킹
92.0,-1,바세린,바세린 탱탱 시트 마스크팩 23 ml 1매,1000,https://cdn.daisomall.co.kr/file/PD/20251231/tl4kQWDDlNl2Pn7maCxW1071234_00_00tl4kQWDDlNl2Pn7maCxW.jpg/dims/resize/1280/quality/90/format/avif/optimize,마스크팩,다이소,3월 베스트 랭킹
98.0,2,본셉 스킨케어,본셉 비타씨 크림 50 ml,5000,https://cdn.daisomall.co.kr/file/PD/20251216/LlNJt6NzAf654AyvuGWm1061920_00_00LlNJt6NzAf654AyvuGWm.jpg/dims/resize/1280/quality/90/format/avif/optimize,스킨케어,다이소,3월 베스트 랭킹
99.0,0,셀더마 데일리,셀더마데일리 트랜스포밍 퍼밍콜라겐 마스크 28g,2000,https://cdn.daisomall.co.kr/file/PD/20250429/dEtwcu53V3cOWvQ0SnSL1059834_00_01dEtwcu53V3cOWvQ0SnSL.jpg/dims/resize/1280/quality/90/format/avif/optimize,마스크팩,다이소,3월 베스트 랭킹
100.0,0,미모 바이 마몽드,[화잘먹템] 미모 바이 마몽드 로지-히알론 리퀴드 마스크 2 ml 6개입 (아모레퍼시픽),3000,https://cdn.daisomall.co.kr/file/PD/20251210/bkkVb3Evu3SxRdMZctRc1059095_00_00bkkVb3Evu3SxRdMZctRc.jpg/dims/resize/1280/quality/90/format/avif/optimize,마스크팩,다이소,3월 베스트 랭킹
107.0,2,마데카21,마데카21 테카 솔루션 수딩 스팟 젤 15 ml,3000,https://cdn.daisomall.co.kr/file/PD/20251212/xnakJWK4svllWL9u5QBx1044556_00_00xnakJWK4svllWL9u5QBx.jpg/dims/resize/1280/quality/90/format/avif/optimize,스킨케어,다이소,3월 베스트 랭킹
109.0,-2,바세린,바세린 진정 시트 마스크팩 23 ml 1매,1000,https://cdn.daisomall.co.kr/file/PD/20251231/cgHURoklSsbo7KbWcxaC1071236_00_00cgHURoklSsbo7KbWcxaC.jpg/dims/resize/1280/quality/90/format/avif/optimize,마스크팩,다이소,3월 베스트 랭킹
110.0,1,마미케어,마미케어 바다포도 모공세럼 30 ml,5000,https://cdn.daisomall.co.kr/file/PD/20251215/LKHKkUiBLe3vgJEfmKJt1075033_00_01LKHKkUiBLe3vgJEfmKJt.jpg/dims/resize/1280/quality/90/format/avif/optimize,스킨케어,다이소,3월 베스트 랭킹
113.0,1,줌 바이 정샘물,줌 바이 정샘물 프렙 스킨패드 3매_수분결부스팅,1000,https://cdn.daisomall.co.kr/file/PD/20260105/WdTvkpulYXNW4wspDg4Z1072850_00_00WdTvkpulYXNW4wspDg4Z.jpg/dims/resize/1280/quality/90/format/avif/optimize,마스크팩,다이소,3월 베스트 랭킹
114.0,0,마미케어,마미케어 바다포도 젤리미스트 100 ml,5000,https://cdn.daisomall.co.kr/file/PD/20251215/5fZCbheiY6nLaS9ZzLhH1075032_00_015fZCbheiY6nLaS9ZzLhH.jpg/dims/resize/1280/quality/90/format/avif/optimize,스킨케어,다이소,3월 베스트 랭킹
119.0,2,마데카21,마데카21 테카 솔루션 수딩 캡슐 앰플 30 ml,5000,https://cdn.daisomall.co.kr/file/PD/20251231/s4XHWtj2Fdz5gHFmSBcY1044555_00_00s4XHWtj2Fdz5gHFmSBcY.jpg/dims/resize/1280/quality/90/format/avif/optimize,스킨케어,다이소,3월 베스트 랭킹
122.0,0,김정문알로에,김정문알로에 라센스 로에 큐어 인텐시브 2X 크림 30 g,5000,https://cdn.daisomall.co.kr/file/PD/20251231/HvXyu7beCHLbzym0aN2g1061619_00_00HvXyu7beCHLbzym0aN2g.jpg/dims/resize/1280/quality/90/format/avif/optimize,스킨케어,다이소,3월 베스트 랭킹
123.0,-1,daiso,라이스 필링 캡슐팩,500,https://cdn.daisomall.co.kr/file/PD/20240126/4hFwRCjOPOVhToFMbDTM1050068_00_004hFwRCjOPOVhToFMbDTM.jpg/dims/resize/1280/quality/90/format/avif/optimize,클렌징,다이소,3월 베스트 랭킹
127.0,0,셀더마 데일리,셀더마데일리 PDRN 광채 크림 랩핑 마스크 1매,2000,https://cdn.daisomall.co.kr/file/PD/20260205/Cg7pPAF0QMRSGGKdsWZw1075857_00_01Cg7pPAF0QMRSGGKdsWZw.jpg/dims/resize/1280/quality/90/format/avif/optimize,마스크팩,다이소,3월 베스트 랭킹
132.0,-2,클리덤,클리덤 리포좀 비타민C 잡티광앰플 30 ml,5000,https://cdn.daisomall.co.kr/file/PD/20251205/mMEadJbvD4mNdT5U6aHp1068720_00_00mMEadJbvD4mNdT5U6aHp.jpg/dims/resize/1280/quality/90/format/avif/optimize,스킨케어,다이소,3월 베스트 랭킹
134.0,2,VT,VT 시카 슬리핑 마스크 4 ml 6개입,3000,https://cdn.daisomall.co.kr/file/PD/20250929/ztmxGB1EIyVrayC69sxb1049277_00_01ztmxGB1EIyVrayC69sxb.jpg/dims/resize/1280/quality/90/format/avif/optimize,마스크팩,다이소,3월 베스트 랭킹
136.0,-2,과일나라,과일나라 알로에베라 모이스처 아쿠아 수딩 젤 미스트 310 ml,3000,https://cdn.daisomall.co.kr/file/PD/20250430/vjO0dtqgKC9H1TkJIyyy1010710_00_01vjO0dtqgKC9H1TkJIyyy.png/dims/resize/1280/quality/90/format/avif/optimize,스킨케어,다이소,3월 베스트 랭킹
137.0,1,daiso,올리브팜 에센셜 마스크팩 알로에,500,https://cdn.daisomall.co.kr/file/PD/20231213/nh5G1pw3dK1m8ME5vc6M1004148_00_00nh5G1pw3dK1m8ME5vc6M.jpg/dims/resize/1280/quality/90/format/avif/optimize,마스크팩,다이소,3월 베스트 랭킹
138.0,1,VT,VT 시카 카밍 크림 50 ml,5000,https://cdn.daisomall.co.kr/file/PD/20250929/Hmj0AdKWK1xzJkD9sMB21049274_00_01Hmj0AdKWK1xzJkD9sMB2.jpg/dims/resize/1280/quality/90/format/avif/optimize,스킨케어,다이소,3월 베스트 랭킹
139.0,1,VT,VT 리들샷 페이셜 레디언스 글루타치온 에센스 2ml*6개입,3000,https://cdn.daisomall.co.kr/file/PD/20250929/KsNuHoj2yHg2kDfPHPxz1056649_00_01KsNuHoj2yHg2kDfPHPxz.jpg/dims/resize/1280/quality/90/format/avif/optimize,스킨케어,다이소,3월 베스트 랭킹
140.0,2,본셉 스킨케어,본셉 레티놀 500 IU 크림 50 ml,5000,https://cdn.daisomall.co.kr/file/PD/20251216/q9d9nWMpZtMefnXCSLkm1055169_00_00q9d9nWMpZtMefnXCSLkm.jpg/dims/resize/1280/quality/90/format/avif/optimize,스킨케어,다이소,3월 베스트 랭킹
143.0,2,더마블록,더마블록 데일리 선크림 35 ml (by 셀퓨전씨),5000,https://cdn.daisomall.co.kr/file/PD/20240510/gyD5sPof4Ys8oP1IDWHp1055362_00_00gyD5sPof4Ys8oP1IDWHp.jpg/dims/resize/1280/quality/90/format/avif/optimize,스킨케어,다이소,3월 베스트 랭킹
144.0,0,daiso,오릭스 모이스처 립밤 4.8 g 무향,1000,https://cdn.daisomall.co.kr/file/PD/20240812/Ad4lamCavuIwVj7IlzCW1035214_00_00Ad4lamCavuIwVj7IlzCW.jpg/dims/resize/1280/quality/90/format/avif/optimize,스킨케어,다이소,3월 베스트 랭킹
146.0,-2,daiso,알로에 캡슐팩,500,https://cdn.daisomall.co.kr/file/PD/20231227/U2JXntYpdrzUXOCTW4Du1034518_00_00U2JXntYpdrzUXOCTW4Du.jpg/dims/resize/1280/quality/90/format/avif/optimize,마스크팩,다이소,3월 베스트 랭킹
152.0,-1,메디필,메디필 엑스트라 슈퍼 9 플러스 2.0 피지 클리너 50 ml,3000,https://cdn.daisomall.co.kr/file/PD/20251202/NUUuYc7qzsdoTBVfx9UT1053490_00_00NUUuYc7qzsdoTBVfx9UT.jpg/dims/resize/1280/quality/90/format/avif/optimize,클렌징,다이소,3월 베스트 랭킹
153.0,2,메디필,메디필 엑스트라 슈퍼 9 플러스 아크네 클렌징 폼 100 ml,3000,https://cdn.daisomall.co.kr/file/PD/20251202/1mjpgiOTWenoGikEKnWR1053481_00_001mjpgiOTWenoGikEKnWR.jpg/dims/resize/1280/quality/90/format/avif/optimize,클렌징,다이소,3월 베스트 랭킹
156.0,1,애경 바세린,바세린 모이스처라이징 클렌징 밀크 140 ml,5000,https://cdn.daisomall.co.kr/file/PD/20250311/QGjtoQh4Tv8bUcOEAchc1060211_00_01QGjtoQh4Tv8bUcOEAchc.jpg/dims/resize/1280/quality/90/format/avif/optimize,클렌징,다이소,3월 베스트 랭킹
157.0,-2,클리덤,클리덤 리포좀 비타민C 캡슐잡티크림 55 ml,5000,https://cdn.daisomall.co.kr/file/PD/20251205/6yxxYklOEqrkfhPkdQXB1068721_00_006yxxYklOEqrkfhPkdQXB.jpg/dims/resize/1280/quality/90/format/avif/optimize,스킨케어,다이소,3월 베스트 랭킹
160.0,2,셀더마 데일리,셀더마데일리 트랜스포밍 비타토닝 마스크 28g,2000,https://cdn.daisomall.co.kr/file/PD/20250429/UBppEGwt68dKdG9napeF1059833_00_01UBppEGwt68dKdG9napeF.jpg/dims/resize/1280/quality/90/format/avif/optimize,마스크팩,다이소,3월 베스트 랭킹
161.0,-2,본셉 스킨케어,본셉 레티놀 아이 크림 25 ml,3000,https://cdn.daisomall.co.kr/file/PD/20251216/WDWpO8PGIXVy4Iuc74nd1055165_00_00WDWpO8PGIXVy4Iuc74nd.jpg/dims/resize/1280/quality/90/format/avif/optimize,스킨케어,다이소,3월 베스트 랭킹
167.0,0,클리덤,클리덤 리포좀 비타민C 톤미스트세럼 100 ml,5000,https://cdn.daisomall.co.kr/file/PD/20251205/sRclKzcWUkMac1J4VpuZ1068719_00_00sRclKzcWUkMac1J4VpuZ.jpg/dims/resize/1280/quality/90/format/avif/optimize,스킨케어,다이소,3월 베스트 랭킹
172.0,-2,daiso,석류 콜라겐 캡슐팩,500,https://cdn.daisomall.co.kr/file/PD/20240122/FDPRTdY0SwVgABKLoRQ41050069_00_00FDPRTdY0SwVgABKLoRQ4.jpg/dims/resize/1280/quality/90/format/avif/optimize,마스크팩,다이소,3월 베스트 랭킹
173.0,2,에이솔루션,에이솔루션 어성초 칼라민 진정콕 스팟 10 ml,3000,https://cdn.daisomall.co.kr/file/PD/20251128/yyVrsNuBgLTOztuOFsyH1057355_00_00yyVrsNuBgLTOztuOFsyH.png/dims/resize/1280/quality/90/format/avif/optimize,스킨케어,다이소,3월 베스트 랭킹
175.0,-1,메디필,메디필 멜라논엑스 기미앰플마스크 1매,1000,https://cdn.daisomall.co.kr/file/PD/20260203/tbCczPmpHHODTyqME5tC1075905_00_01tbCczPmpHHODTyqME5tC.jpg/dims/resize/1280/quality/90/format/avif/optimize,마스크팩,다이소,3월 베스트 랭킹
178.0,-2,메디필,메디필 엑스트라 슈퍼 9 플러스 블랙헤드 아웃 코팩 1세트,1000,https://cdn.daisomall.co.kr/file/PD/20251202/35lyP2usDe1c6rjYYssG1053498_00_0035lyP2usDe1c6rjYYssG.jpg/dims/resize/1280/quality/90/format/avif/optimize,클렌징,다이소,3월 베스트 랭킹
183.0,1,미모 바이 마몽드,[화잘먹앰플] 미모 바이 마몽드 로지-히알론 수분 앰플 50 ml (아모레퍼시픽),5000,https://cdn.daisomall.co.kr/file/PD/20251210/idRDrpmUAUYGbIpiZAnV1059091_00_00idRDrpmUAUYGbIpiZAnV.jpg/dims/resize/1280/quality/90/format/avif/optimize,스킨케어,다이소,3월 베스트 랭킹
188.0,2,큐어레스트,큐어레스트 수분진정 버블에센스토너 95 ml,5000,https://cdn.daisomall.co.kr/file/PD/20250923/Yja8v46yIT2qgX97PZVf1072455_00_01Yja8v46yIT2qgX97PZVf.png/dims/resize/1280/quality/90/format/avif/optimize,스킨케어,다이소,3월 베스트 랭킹
189.0,-1,daiso,허니 캡슐팩,500,https://cdn.daisomall.co.kr/file/PD/20240122/jKsp9qvz270We98UWz9d1050070_00_00jKsp9qvz270We98UWz9d.jpg/dims/resize/1280/quality/90/format/avif/optimize,마스크팩,다이소,3월 베스트 랭킹
197.0,1,어퓨_더퓨어,어퓨 더퓨어 후시디움 레드 스팟 세럼 8 ml,3000,https://cdn.daisomall.co.kr/file/PD/20251128/GSGaDbMQyso7rBbid9v51070663_00_00GSGaDbMQyso7rBbid9v5.png/dims/resize/1280/quality/90/format/avif/optimize,스킨케어,다이소,3월 베스트 랭킹
201.0,-2,daiso,에센셜 마스크시트 팩 (오이),500,https://cdn.daisomall.co.kr/file/PD/20231127/2VEepNNIrpMJJdvJvI6L1004147_00_002VEepNNIrpMJJdvJvI6L.jpg/dims/resize/1280/quality/90/format/avif/optimize,마스크팩,다이소,3월 베스트 랭킹
204.0,-2,줌 바이 정샘물,줌 바이 정샘물 톤프렙 부스터 30 ml,5000,https://cdn.daisomall.co.kr/file/PD/20260105/EAcFQcWZHZ2AYyDdaeoa1072792_00_00EAcFQcWZHZ2AYyDdaeoa.jpg/dims/resize/1280/quality/90/format/avif/optimize,스킨케어,다이소,3월 베스트 랭킹
209.0,-1,파티온,파티온 노스카나인 퍼스트스텝 흔적수분크림 50 ml,5000,https://cdn.daisomall.co.kr/file/PD/20251202/Z4x0YVngpXzIHb3A6NwD1071644_00_00Z4x0YVngpXzIHb3A6NwD.png/dims/resize/1280/quality/90/format/avif/optimize,스킨케어,다이소,3월 베스트 랭킹
210.0,-1,닥터오라클,닥터오라클 큐어소나 리커버링 릴렉싱 크림 60 ml,5000,https://cdn.daisomall.co.kr/file/PD/20260122/1R5inRSM7HQdYw0QGIIT1051751_00_001R5inRSM7HQdYw0QGIIT.png/dims/resize/1280/quality/90/format/avif/optimize,스킨케어,다이소,3월 베스트 랭킹
216.0,2,본셉 스킨케어,본셉 비타씨 젤리 마스크 1매 23 g,1000,https://cdn.daisomall.co.kr/file/PD/20251216/ZRf7Iq7VTPUseTWDgKu21061922_00_00ZRf7Iq7VTPUseTWDgKu2.jpg/dims/resize/1280/quality/90/format/avif/optimize,마스크팩,다이소,3월 베스트 랭킹
231.0,0,에이솔루션,에이솔루션 어성초칼라민 진정콕스팟 10 ml X꽃카,3000,https://cdn.daisomall.co.kr/file/PD/20251202/IMTOSg2USNrqyMtB99tV1072622_00_00IMTOSg2USNrqyMtB99tV.jpg/dims/resize/1280/quality/90/format/avif/optimize,스킨케어,다이소,3월 베스트 랭킹
232.0,0,메디필,메디필 비건 비타민 콜라겐 브라이트닝 마스크 30 ml,1000,https://cdn.daisomall.co.kr/file/PD/20251202/1kb3b5yc7LIt4ewFdyOZ1053506_00_001kb3b5yc7LIt4ewFdyOZ.jpg/dims/resize/1280/quality/90/format/avif/optimize,마스크팩,다이소,3월 베스트 랭킹
236.0,2,제이엠솔루션,제이엠솔루션 릴리프 핏 어성초 마스크팩 ,1000,https://cdn.daisomall.co.kr/file/PD/20251002/kDdsqNVzcLcwe8kiAV511041679_00_00kDdsqNVzcLcwe8kiAV51.png/dims/resize/1280/quality/90/format/avif/optimize,마스크팩,다이소,3월 베스트 랭킹
239.0,2,닥터오라클,닥터오라클 큐어소나 래디언스 글로우 앰플 40 ml,5000,https://cdn.daisomall.co.kr/file/PD/20260122/WnjyUW11HhYu5FV68AIl1051749_00_00WnjyUW11HhYu5FV68AIl.png/dims/resize/1280/quality/90/format/avif/optimize,스킨케어,다이소,3월 베스트 랭킹
244.0,-2,셀더마 데일리,셀더마데일리 V핏 마스크 13 g,2000,https://cdn.daisomall.co.kr/file/PD/20240327/bxLMt7fenDLZooZ83Rud1042631_00_00bxLMt7fenDLZooZ83Rud.jpg/dims/resize/1280/quality/90/format/avif/optimize,마스크팩,다이소,3월 베스트 랭킹
245.0,2,닥터오라클,닥터오라클 큐어소나 리쥬코드 롤러앰플 30ml,5000,https://cdn.daisomall.co.kr/file/PD/20250331/umjUv5Wx0YymaayxPJGK1064417_00_01umjUv5Wx0YymaayxPJGK.jpg/dims/resize/1280/quality/90/format/avif/optimize,스킨케어,다이소,3월 베스트 랭킹
246.0,-2,daiso,약산성 ph클렌징폼 150ml,2000,https://cdn.daisomall.co.kr/file/PD/20251231/F6somWgwKK2QedWySuxa1035081_00_00F6somWgwKK2QedWySuxa.jpg/dims/resize/1280/quality/90/format/avif/optimize,클렌징,다이소,3월 베스트 랭킹
251.0,-1,비알티씨,BRTC 스킨 랩 퓨리파잉 클렌징 오일 100 ml,5000,https://cdn.daisomall.co.kr/file/PD/20240226/1XsEg25kgvetjWRCChuz1051352_00_011XsEg25kgvetjWRCChuz.jpg/dims/resize/1280/quality/90/format/avif/optimize,클렌징,다이소,3월 베스트 랭킹
260.0,1,셀더마 데일리,셀더마데일리 콜라겐 퍼밍 크림 랩핑 마스크 1매,2000,https://cdn.daisomall.co.kr/file/PD/20260205/J0bCl4XMJGDd0IuKIAgY1075858_00_01J0bCl4XMJGDd0IuKIAgY.jpg/dims/resize/1280/quality/90/format/avif/optimize,마스크팩,다이소,3월 베스트 랭킹
262.0,0,VT,VT 시카 카밍 마스크팩 4매입,3000,https://cdn.daisomall.co.kr/file/PD/20250929/Sr2FPlYnDUAQuOprFg691049301_00_01Sr2FPlYnDUAQuOprFg69.jpg/dims/resize/1280/quality/90/format/avif/optimize,마스크팩,다이소,3월 베스트 랭킹
267.0,1,메디필,메디필 물톡스 광채 보습 패드 2.0 리필 (150ml/70매),5000,https://cdn.daisomall.co.kr/file/PD/20251215/heReYWpYLmnWLUbh8Ylx1075288_00_00heReYWpYLmnWLUbh8Ylx.jpg/dims/resize/1280/quality/90/format/avif/optimize,마스크팩,다이소,3월 베스트 랭킹
268.0,2,큐어레스트,큐어레스트 글루타티온 브라이트닝 크림 20 g,1000,https://cdn.daisomall.co.kr/file/PD/20260130/l2GauVjtTk5hAeeQp8LJ1076123_00_00l2GauVjtTk5hAeeQp8LJ.jpg/dims/resize/1280/quality/90/format/avif/optimize,스킨케어,다이소,3월 베스트 랭킹
275.0,-1,메디필,메디필 엑스트라 슈퍼 9 플러스 피지 클리너 코 시트 30매입,2000,https://cdn.daisomall.co.kr/file/PD/20251202/6cyfpLZ9VW9oHLTBPnEy1053494_00_006cyfpLZ9VW9oHLTBPnEy.jpg/dims/resize/1280/quality/90/format/avif/optimize,클렌징,다이소,3월 베스트 랭킹
276.0,0,더랩 바이 블랑두,더랩 바이 블랑두 클리어 히알 물광 토너 150 ml,5000,https://cdn.daisomall.co.kr/file/PD/20251231/6f73pzEcBILOiijmp5tO1060643_00_006f73pzEcBILOiijmp5tO.jpg/dims/resize/1280/quality/90/format/avif/optimize,스킨케어,다이소,3월 베스트 랭킹
278.0,0,미모 바이 마몽드,[수분결광크림] 미모 바이 마몽드 로지-히알론 수분 크림 60 ml (아모레퍼시픽),5000,https://cdn.daisomall.co.kr/file/PD/20251210/EiMY4h0XobAKPYZVHxAT1059093_00_00EiMY4h0XobAKPYZVHxAT.jpg/dims/resize/1280/quality/90/format/avif/optimize,스킨케어,다이소,3월 베스트 랭킹
283.0,-2,태그,태그 듀이멜팅밤(2호_로즈티),5000,https://cdn.daisomall.co.kr/file/PD/20250919/iT5VKIpmpnX3Tlt952ZQ1067392_00_01iT5VKIpmpnX3Tlt952ZQ.jpg/dims/resize/1280/quality/90/format/avif/optimize,스킨케어,다이소,3월 베스트 랭킹
284.0,2,클리덤,클리덤 저분자 콜라겐 아이 마사지 앰플 15 ml (종근당건강),5000,https://cdn.daisomall.co.kr/file/PD/20251205/t05AGlmbC1VZLRlot3iQ1060542_00_00t05AGlmbC1VZLRlot3iQ.jpg/dims/resize/1280/quality/90/format/avif/optimize,스킨케어,다이소,3월 베스트 랭킹
292.0,2,VT,VT 프로 시카 리들샷 S50 페이셜 부스팅 퍼스트 앰플 2ml*6개입,3000,https://cdn.daisomall.co.kr/file/PD/20250929/iWvDMO62VosCbWMEgySi1056646_00_01iWvDMO62VosCbWMEgySi.jpg/dims/resize/1280/quality/90/format/avif/optimize,스킨케어,다이소,3월 베스트 랭킹
304.0,-1,그로우어스,그로우어스 롱래스팅 클리어 앤 틴팅 2IN1 래쉬세럼,5000,https://cdn.daisomall.co.kr/file/PD/20250417/EpU35rZfDPqmhkGvkCBS1062738_00_04EpU35rZfDPqmhkGvkCBS.jpg/dims/resize/1280/quality/90/format/avif/optimize,스킨케어,다이소,3월 베스트 랭킹
305.0,-1,더마블록,더마블록 마일드 선스틱 16 g (by 셀퓨전씨),5000,https://cdn.daisomall.co.kr/file/PD/20240510/wTSEmHZQH0IdkA4Xfwv31055374_00_00wTSEmHZQH0IdkA4Xfwv3.jpg/dims/resize/1280/quality/90/format/avif/optimize,스킨케어,다이소,3월 베스트 랭킹
306.0,2,큐어레스트,큐어레스트 세라마이드 모이스처라이징 크림 20 g,1000,https://cdn.daisomall.co.kr/file/PD/20260130/lZMtvfP2s8EQfJDAL6vn1076124_00_00lZMtvfP2s8EQfJDAL6vn.jpg/dims/resize/1280/quality/90/format/avif/optimize,스킨케어,다이소,3월 베스트 랭킹
307.0,-2,클리덤,클리덤 리포좀 비타민C 잡티속광마스크 1매 31 g,2000,https://cdn.daisomall.co.kr/file/PD/20251205/hf8FsDT7IcbWeY5br4AC1068724_00_00hf8FsDT7IcbWeY5br4AC.jpg/dims/resize/1280/quality/90/format/avif/optimize,마스크팩,다이소,3월 베스트 랭킹
311.0,1,드롭비,드롭비 모공 촘촘 앰플 40ml,1000,https://cdn.daisomall.co.kr/file/PD/20240327/uf04Bhg33y7AMAqTtXP01004450_00_00uf04Bhg33y7AMAqTtXP0.jpg/dims/resize/1280/quality/90/format/avif/optimize,스킨케어,다이소,3월 베스트 랭킹
313.0,0,daiso,원스텝필링패드,5000,https://cdn.daisomall.co.kr/file/PD/20251002/AIZsDDRsQMOQdnOqmJso1048571_00_00AIZsDDRsQMOQdnOqmJso.png/dims/resize/1280/quality/90/format/avif/optimize,클렌징,다이소,3월 베스트 랭킹
315.0,-2,메디필,메디필 멜라논엑스 기미앰플 30 ml,500,https://cdn.daisomall.co.kr/file/PD/20240415/EtqEQIeMjD2dL9zzuXgW1007362_00_00EtqEQIeMjD2dL9zzuXgW.jpg/dims/resize/1280/quality/90/format/avif/optimize,스킨케어,다이소,3월 베스트 랭킹
316.0,0,더마블록,더마블록 톤업 선크림 35 ml (by 셀퓨전씨),5000,https://cdn.daisomall.co.kr/file/PD/20251202/XFmgM6MbXAXNlKW1kFwu1068857_00_00XFmgM6MbXAXNlKW1kFwu.jpg/dims/resize/1280/quality/90/format/avif/optimize,스킨케어,다이소,3월 베스트 랭킹
321.0,-2,메디필,메디필 비타민 멜라 토닝 랩핑 마스크 4 ml 4개입,5000,https://cdn.daisomall.co.kr/file/PD/20240510/8nj1aFNNe97DJ6mGJpSl1055364_00_008nj1aFNNe97DJ6mGJpSl.jpg/dims/resize/1280/quality/90/format/avif/optimize,마스크팩,다이소,3월 베스트 랭킹
325.0,-1,큐어레스트,큐어레스트 레드시카 카밍크림 20 g,3000,https://cdn.daisomall.co.kr/file/PD/20251202/MVUvGbsYacPYER3T3kQO1060488_00_00MVUvGbsYacPYER3T3kQO.jpg/dims/resize/1280/quality/90/format/avif/optimize,스킨케어,다이소,3월 베스트 랭킹
326.0,0,도브,도브 뷰티 크림바 90 g,1000,https://cdn.daisomall.co.kr/file/PD/20260130/w9NGAxYKEzdnvqmJPLR11076122_00_00w9NGAxYKEzdnvqmJPLR1.jpg/dims/resize/1280/quality/90/format/avif/optimize,스킨케어,다이소,3월 베스트 랭킹
327.0,1,바세린,바세린 오리지널 프로텍팅 젤리 50 ml,1500,https://cdn.daisomall.co.kr/file/PD/20251121/fBp4h1BfnDeGL9EAJtbw1063229_00_00fBp4h1BfnDeGL9EAJtbw.png/dims/resize/1280/quality/90/format/avif/optimize,스킨케어,다이소,3월 베스트 랭킹
330.0,-2,성분에디터,성분에디터 그린토마토 포어 리프팅 세럼 플레인 30 ml,2000,https://cdn.daisomall.co.kr/file/PD/20260304/ysFr4mv09bOYTthwqM4D1038434_00_00ysFr4mv09bOYTthwqM4D.jpg/dims/resize/1280/quality/90/format/avif/optimize,스킨케어,다이소,3월 베스트 랭킹
333.0,0,입큰,입큰 퍼스널 톤 코렉팅 블러 팩트 5.5 g(그린),1000,https://cdn.daisomall.co.kr/file/PD/20240403/JhUZuvnxWPt9RWn6wiSe1004458_00_00JhUZuvnxWPt9RWn6wiSe.jpg/dims/resize/1280/quality/90/format/avif/optimize,마스크팩,다이소,3월 베스트 랭킹
336.0,1,메디필,메디필 레드 락토 콜라겐 포어 리프팅 마스크 30 ml ,3000,https://cdn.daisomall.co.kr/file/PD/20251231/jZWSv3ReGjeUgVfBwipO1045527_00_00jZWSv3ReGjeUgVfBwipO.jpg/dims/resize/1280/quality/90/format/avif/optimize,마스크팩,다이소,3월 베스트 랭킹
339.0,1,메디필,메디필 그린시카 콜라겐 카밍 마스크 30 ml,1000,https://cdn.daisomall.co.kr/file/PD/20251202/B377dPGUy2SsLzaWxK8W1053504_00_00B377dPGUy2SsLzaWxK8W.jpg/dims/resize/1280/quality/90/format/avif/optimize,마스크팩,다이소,3월 베스트 랭킹
340.0,-2,VT,VT 시카 카밍 토너 300 ml,1000,https://cdn.daisomall.co.kr/file/PD/20251202/f89YNZTFdW2KGF9axfqd1053505_00_00f89YNZTFdW2KGF9axfqd.jpg/dims/resize/1280/quality/90/format/avif/optimize,스킨케어,다이소,3월 베스트 랭킹
345.0,2,VT,VT 콜라겐 리들샷 S50 페이셜 부스팅 퍼스트 앰플 2ml*6개입,5000,https://cdn.daisomall.co.kr/file/PD/20250929/nWv2JvG9ZseKOt8YvImo1049271_00_01nWv2JvG9ZseKOt8YvImo.jpg/dims/resize/1280/quality/90/format/avif/optimize,스킨케어,다이소,3월 베스트 랭킹
348.0,-2,제이엠솔루션,제이엠솔루션 B5 히아 모이스처라이징 부스트 토너 XL 500 ml,3000,https://cdn.daisomall.co.kr/file/PD/20250929/tHvsu0uz3D5cUE0drQHP1056647_00_01tHvsu0uz3D5cUE0drQHP.jpg/dims/resize/1280/quality/90/format/avif/optimize,스킨케어,다이소,3월 베스트 랭킹
354.0,0,큐어레스트,큐어레스트 윤광미백 버블에센스토너 95 ml,5000,https://cdn.daisomall.co.kr/file/PD/20260123/bpG2kCA6UVdB1luThBcm1038595_00_01bpG2kCA6UVdB1luThBcm.jpg/dims/resize/1280/quality/90/format/avif/optimize,스킨케어,다이소,3월 베스트 랭킹
362.0,0,daiso,에센셜마스크시트 감자,5000,https://cdn.daisomall.co.kr/file/PD/20250923/GuS38uoPYniFn88yhSXW1072456_00_01GuS38uoPYniFn88yhSXW.png/dims/resize/1280/quality/90/format/avif/optimize,마스크팩,다이소,3월 베스트 랭킹
368.0,2,VT,VT 시카 버블 스파클링 부스터 10 g 4개입,500,https://cdn.daisomall.co.kr/file/PD/20240419/YflPoADCMc1S38afF1tj1004150_00_00YflPoADCMc1S38afF1tj.jpg/dims/resize/1280/quality/90/format/avif/optimize,스킨케어,다이소,3월 베스트 랭킹
374.0,2,애경 바세린,바세린 더마 엑스트라케어 로션 500ml,3000,https://cdn.daisomall.co.kr/file/PD/20251031/Yj86my6ouI2DNkTqCH1u1049295_00_01Yj86my6ouI2DNkTqCH1u.jpg/dims/resize/1280/quality/90/format/avif/optimize,스킨케어,다이소,3월 베스트 랭킹
376.0,-1,VT,VT 리들샷 레디언스 글루타치온 랩핑 스팀 마스크팩 22 g,5000,https://cdn.daisomall.co.kr/file/PD/20260226/bzsuV2QFDrNFpdQqemNu1037456_00_01bzsuV2QFDrNFpdQqemNu.jpg/dims/resize/1280/quality/90/format/avif/optimize,마스크팩,다이소,3월 베스트 랭킹
378.0,-1,애경 바세린,바세린 딥클린 클렌징폼 180 ml,2000,https://cdn.daisomall.co.kr/file/PD/20250929/aiPl6TMMJ2wZ7iwhGHBf1056651_00_01aiPl6TMMJ2wZ7iwhGHBf.jpg/dims/resize/1280/quality/90/format/avif/optimize,클렌징,다이소,3월 베스트 랭킹
381.0,-2,더랩 바이 블랑두,더랩 바이 블랑두 클리어 히알 물광 토너 패드 4매입,3000,https://cdn.daisomall.co.kr/file/PD/20250311/pn0zDOlgMlCWQpjsIR3J1060214_00_01pn0zDOlgMlCWQpjsIR3J.jpg/dims/resize/1280/quality/90/format/avif/optimize,마스크팩,다이소,3월 베스트 랭킹
392.0,0,daiso,위드덤 스킨커버 프랜드 실속형 105매,1000,https://cdn.daisomall.co.kr/file/PD/20251231/bXNSQGWv1E2Ay6yKONMa1060642_00_00bXNSQGWv1E2Ay6yKONMa.jpg/dims/resize/1280/quality/90/format/avif/optimize,스킨케어,다이소,3월 베스트 랭킹
396.0,1,파티온,파티온 노스카나인 퍼스트스텝 세럼클렌저 100 ml,2000,https://cdn.daisomall.co.kr/file/PD/20231214/823xWUBkikqMfX9Nhr2S1006838_00_00823xWUBkikqMfX9Nhr2S.jpg/dims/resize/1280/quality/90/format/avif/optimize,클렌징,다이소,3월 베스트 랭킹
401.0,2,김정문알로에,김정문알로에 큐어 알파 카밍 알로에 필링 젤 150 ml,3000,https://cdn.daisomall.co.kr/file/PD/20251015/AR8EgQM3gsJer4GplnCY1071640_00_00AR8EgQM3gsJer4GplnCY.png/dims/resize/1280/quality/90/format/avif/optimize,클렌징,다이소,3월 베스트 랭킹
405.0,-1,과일나라,과일나라 알로에베라 모이스처 아쿠아 수딩 선 에센스 50 g,5000,https://cdn.daisomall.co.kr/file/PD/20241231/KaK2W9g6YYrGs8k3DpTI1061630_00_00KaK2W9g6YYrGs8k3DpTI.jpg/dims/resize/1280/quality/90/format/avif/optimize,스킨케어,다이소,3월 베스트 랭킹
409.0,0,더마블록,더마블록 BB 선크림 35 ml (by 셀퓨전씨),3000,https://cdn.daisomall.co.kr/file/PD/20250430/4Z5Y1Y7ISKax1Iiyupqf1046401_00_014Z5Y1Y7ISKax1Iiyupqf.png/dims/resize/1280/quality/90/format/avif/optimize,스킨케어,다이소,3월 베스트 랭킹
414.0,-1,daiso,오릭스 컬러 립밤 4.8 g 체리로즈,5000,https://cdn.daisomall.co.kr/file/PD/20240510/dck0R0NoTTo9tqRSuBT21055371_00_00dck0R0NoTTo9tqRSuBT2.jpg/dims/resize/1280/quality/90/format/avif/optimize,스킨케어,다이소,3월 베스트 랭킹
419.0,2,포인트,포인트 라이스 보들진정 클렌징밀크 140ml,1000,https://cdn.daisomall.co.kr/file/PD/20231204/9nWnfH1iAkwR7s7VujPF1041890_00_009nWnfH1iAkwR7s7VujPF.jpg/dims/resize/1280/quality/90/format/avif/optimize,클렌징,다이소,3월 베스트 랭킹
426.0,-2,daiso,에센셜 마스크시트 라이스,5000,https://cdn.daisomall.co.kr/file/PD/20251226/K9cTbimUluRwe6PtBO581073321_00_01K9cTbimUluRwe6PtBO58.jpg/dims/resize/1280/quality/90/format/avif/optimize,마스크팩,다이소,3월 베스트 랭킹
428.0,-1,프롬 더 스킨,프롬더스킨 글로우 앰플미스트 50 ml,500,https://cdn.daisomall.co.kr/file/PD/20240329/0SsmvgpcmtcOAca1oCy41004130_00_000SsmvgpcmtcOAca1oCy4.jpg/dims/resize/1280/quality/90/format/avif/optimize,스킨케어,다이소,3월 베스트 랭킹
432.0,0,어퓨_더퓨어,어퓨 더퓨어 티트리 에센스 50ml,3000,https://cdn.daisomall.co.kr/file/PD/20250411/UBbjGuhkwBTWABMksDhL1063611_00_01UBbjGuhkwBTWABMksDhL.jpg/dims/resize/1280/quality/90/format/avif/optimize,스킨케어,다이소,3월 베스트 랭킹
433.0,-2,VT,VT 슈퍼 히알론 워터 3스텝 마스크팩,5000,https://cdn.daisomall.co.kr/file/PD/20251128/48KGdDdZtzKogEC9hIZr1044967_00_0048KGdDdZtzKogEC9hIZr.png/dims/resize/1280/quality/90/format/avif/optimize,클렌징,다이소,3월 베스트 랭킹
436.0,1,daiso,비타민 미백 필링패드 185ml 60매,1000,https://cdn.daisomall.co.kr/file/PD/20250929/Nr7KCHYQ6xZWKnO0KgBt1049299_00_01Nr7KCHYQ6xZWKnO0KgBt.jpg/dims/resize/1280/quality/90/format/avif/optimize,클렌징,다이소,3월 베스트 랭킹
437.0,2,파티온,파티온 노스카나인 퍼스트스텝 진정세럼미스트 150 ml,5000,https://cdn.daisomall.co.kr/file/PD/20240405/1IsMuVbtsEzZqwnldfyt1041654_00_001IsMuVbtsEzZqwnldfyt.jpg/dims/resize/1280/quality/90/format/avif/optimize,스킨케어,다이소,3월 베스트 랭킹
438.0,-1,미팩토리,미팩토리 오일쏙쏙 블러스틱,5000,https://cdn.daisomall.co.kr/file/PD/20251202/9wxBK44DbCVHq1ICgKZz1071641_00_009wxBK44DbCVHq1ICgKZz.png/dims/resize/1280/quality/90/format/avif/optimize,마스크팩,다이소,3월 베스트 랭킹
448.0,2,닥터씨피유,닥터씨피유 수분하이드로 부스터 앰플 30 ml,1000,https://cdn.daisomall.co.kr/file/PD/20231127/K4sFhx24aYk3qGkSnApX1004478_00_00K4sFhx24aYk3qGkSnApX.jpg/dims/resize/1280/quality/90/format/avif/optimize,스킨케어,다이소,3월 베스트 랭킹
450.0,-2,닥터오라클,닥터오라클 큐어소나 리쥬코드 리치 크림 50 ml,5000,https://cdn.daisomall.co.kr/file/PD/20250403/wEkzGFA5hlWV8GjqzcsA1062712_00_01wEkzGFA5hlWV8GjqzcsA.jpg/dims/resize/1280/quality/90/format/avif/optimize,스킨케어,다이소,3월 베스트 랭킹
453.0,0,제이엠솔루션,제이엠솔루션 릴리프 약산성 약쑥 마스크팩 ,5000,https://cdn.daisomall.co.kr/file/PD/20250331/RJEEJHiQXKrLMceGrejK1064420_00_01RJEEJHiQXKrLMceGrejK.jpg/dims/resize/1280/quality/90/format/avif/optimize,마스크팩,다이소,3월 베스트 랭킹
454.0,1,싸이닉,싸이닉 파워옴므 블랙립밤 4 g,1000,https://cdn.daisomall.co.kr/file/PD/20251002/KLrKOLakyCqHAJdg5bIB1041681_00_00KLrKOLakyCqHAJdg5bIB.png/dims/resize/1280/quality/90/format/avif/optimize,스킨케어,다이소,3월 베스트 랭킹
455.0,1,더랩 바이 블랑두,더랩바이블랑두 클리어히알결광 선에센스 40 ml,3000,https://cdn.daisomall.co.kr/file/PD/20250814/odE85QqtQi8GV7BUOJrY1068777_00_01odE85QqtQi8GV7BUOJrY.png/dims/resize/1280/quality/90/format/avif/optimize,스킨케어,다이소,3월 베스트 랭킹
459.0,2,실크테라피,실크테라피 실크케라틴 앰플에센스 25 ml,5000,https://cdn.daisomall.co.kr/file/PD/20251126/hb5KfuxnQV6WfQ355QRJ1073408_00_01hb5KfuxnQV6WfQ355QRJ.jpg/dims/resize/1280/quality/90/format/avif/optimize,스킨케어,다이소,3월 베스트 랭킹
461.0,1,메디필,메디필 멜라논엑스 기미아이크림 20 ml,1000,https://cdn.daisomall.co.kr/file/PD/20260116/sD5k0u5YKUcAM5qFvLMy1004456_00_00sD5k0u5YKUcAM5qFvLMy.jpg/dims/resize/1280/quality/90/format/avif/optimize,스킨케어,다이소,3월 베스트 랭킹
468.0,-2,AHC,AHC 에이지리뉴 아이크림 퍼밍 30 ml,1000,https://cdn.daisomall.co.kr/file/PD/20231127/kFHLTmOLFSN4f345KuND1004459_00_00kFHLTmOLFSN4f345KuND.jpg/dims/resize/1280/quality/90/format/avif/optimize,스킨케어,다이소,3월 베스트 랭킹
469.0,2,daiso,딥 클렌징 폼 150 ml,3000,https://cdn.daisomall.co.kr/file/PD/20250929/dxyj4bk9HCwUh5PXPUIs1070000_00_00dxyj4bk9HCwUh5PXPUIs.jpg/dims/resize/1280/quality/90/format/avif/optimize,클렌징,다이소,3월 베스트 랭킹
479.0,1,드롭비,드롭비 잡티 말끔 앰플 40ml,5000,https://cdn.daisomall.co.kr/file/PD/20260128/EExzcR7cOSEGlqMpc67G1073248_00_00EExzcR7cOSEGlqMpc67G.jpg/dims/resize/1280/quality/90/format/avif/optimize,스킨케어,다이소,3월 베스트 랭킹
480.0,1,제이준코스메틱,제이준 인텐시브 브라이트닝 슬리핑팩 4 ml 10개입,2000,https://cdn.daisomall.co.kr/file/PD/20251231/KmFx8D9USBa7Tb2iRwFh1035082_00_00KmFx8D9USBa7Tb2iRwFh.jpg/dims/resize/1280/quality/90/format/avif/optimize,마스크팩,다이소,3월 베스트 랭킹
481.0,0,마데카21,마데카21 테카 솔루션 수딩 젤 클렌저 100 ml,1000,https://cdn.daisomall.co.kr/file/PD/20240329/OhR7QH6nW54fHGSYI7Lm1004452_00_00OhR7QH6nW54fHGSYI7Lm.jpg/dims/resize/1280/quality/90/format/avif/optimize,클렌징,다이소,3월 베스트 랭킹
488.0,0,daiso,센카 퍼펙트 휩 클렌징 폼 50 g 프레시,5000,https://cdn.daisomall.co.kr/file/PD/20251002/dGPcdv5GMSvAapO6LS5d1048581_00_00dGPcdv5GMSvAapO6LS5d.png/dims/resize/1280/quality/90/format/avif/optimize,클렌징,다이소,3월 베스트 랭킹
495.0,1,마데카21,마데카21 테카 토닝 캡슐 세럼 30 ml,3000,https://cdn.daisomall.co.kr/file/PD/20251212/nPlGcb5m4I44mwNETV3M1044552_00_00nPlGcb5m4I44mwNETV3M.jpg/dims/resize/1280/quality/90/format/avif/optimize,스킨케어,다이소,3월 베스트 랭킹
496.0,1,린제이,린제이 모델링 마스크 팩 28g 쿨 티트리,3000,https://cdn.daisomall.co.kr/file/PD/20240924/OstV4nwe449zyzV9njAU1060215_00_00OstV4nwe449zyzV9njAU.jpg/dims/resize/1280/quality/90/format/avif/optimize,마스크팩,다이소,3월 베스트 랭킹
500.0,1,바세린,바세린 퓨어스킨 젤리(100 ml),3000,https://cdn.daisomall.co.kr/file/PD/20240207/JtBS1fcZy5SEQ5dBsImf1046896_00_00JtBS1fcZy5SEQ5dBsImf.jpg/dims/resize/1280/quality/90/format/avif/optimize,스킨케어,다이소,3월 베스트 랭킹
508.0,-1,클리덤,클리덤 리포좀 비타민C 기미볼세럼 15 ml,5000,https://cdn.daisomall.co.kr/file/PD/20251231/8iKAWHvyKYW4a1YuzbS91059761_00_008iKAWHvyKYW4a1YuzbS9.jpg/dims/resize/1280/quality/90/format/avif/optimize,스킨케어,다이소,3월 베스트 랭킹
530.0,2,미팩토리,미팩토리 피지쏙 시멘트 필오프팩 100ml,3000,https://cdn.daisomall.co.kr/file/PD/20250707/DMLn6mI3cjk3dVuphz5k51727_00_00DMLn6mI3cjk3dVuphz5k.png/dims/resize/1280/quality/90/format/avif/optimize,클렌징,다이소,3월 베스트 랭킹
533.0,0,VT,VT 시카 바이탈 슬리핑 마스크 4 ml 6개입,5000,https://cdn.daisomall.co.kr/file/PD/20251205/Pvlmuo0A726qBycueXae1068722_00_00Pvlmuo0A726qBycueXae.jpg/dims/resize/1280/quality/90/format/avif/optimize,마스크팩,다이소,3월 베스트 랭킹
538.0,0,미팩토리,미팩토리 슈퍼쏙쏙 한방 돼지코팩(2매입),1000,https://cdn.daisomall.co.kr/file/PD/20260116/4aAOneFkBHdu1SnUGkcq1004451_00_004aAOneFkBHdu1SnUGkcq.jpg/dims/resize/1280/quality/90/format/avif/optimize,마스크팩,다이소,3월 베스트 랭킹
542.0,-1,메디필,메디필 시카 쿨링 진정 랩핑 마스크 4 ml 4개입,3000,https://cdn.daisomall.co.kr/file/PD/20240826/L0EQd1ONam9blhW5GOYv1059504_00_00L0EQd1ONam9blhW5GOYv.jpg/dims/resize/1280/quality/90/format/avif/optimize,마스크팩,다이소,3월 베스트 랭킹
545.0,1,더마블록,더마블록 수분 선크림 35 ml (by 셀퓨전씨),3000,https://cdn.daisomall.co.kr/file/PD/20250929/lkBKTVLLqmDzOnYDLH191049278_00_01lkBKTVLLqmDzOnYDLH19.jpg/dims/resize/1280/quality/90/format/avif/optimize,스킨케어,다이소,3월 베스트 랭킹
550.0,1,daiso,에센셜마스크시트 꿀,1000,https://cdn.daisomall.co.kr/file/PD/20240826/RjclFxZKN1doQxrJGJg71059503_00_00RjclFxZKN1doQxrJGJg7.jpg/dims/resize/1280/quality/90/format/avif/optimize,마스크팩,다이소,3월 베스트 랭킹
555.0,0,daiso,마스크 시트 10P,3000,https://cdn.daisomall.co.kr/file/PD/20251218/TEL8GyihOFjnnfdshUSv1060489_00_00TEL8GyihOFjnnfdshUSv.jpg/dims/resize/1280/quality/90/format/avif/optimize,마스크팩,다이소,3월 베스트 랭킹
563.0,-2,파티온,파티온 노스카나인 퍼스트스텝 스팟겔크림 30 ml,5000,https://cdn.daisomall.co.kr/file/PD/20240510/FtwvzHqObPNMqWXYJ8Uw1055367_00_00FtwvzHqObPNMqWXYJ8Uw.jpg/dims/resize/1280/quality/90/format/avif/optimize,스킨케어,다이소,3월 베스트 랭킹
565.0,0,AHC, AHC 에이지리뉴 크림 타이트닝 50 ml,500,https://cdn.daisomall.co.kr/file/PD/20231127/WKlh1z0WrTzmCbM544dC1004119_00_00WKlh1z0WrTzmCbM544dC.jpg/dims/resize/1280/quality/90/format/avif/optimize,스킨케어,다이소,3월 베스트 랭킹
573.0,-2,daiso,존슨즈 베이비 오일 200 ml,500,https://cdn.daisomall.co.kr/file/PD/20231208/3aMlIFfKjYUNQSld0dDV10697_00_003aMlIFfKjYUNQSld0dDV.jpg/dims/resize/1280/quality/90/format/avif/optimize,스킨케어,다이소,3월 베스트 랭킹
574.0,2,제이엠솔루션,제이엠솔루션 B5 히아 모이스처라이징 마스크 30 ml,5000,https://cdn.daisomall.co.kr/file/PD/20251202/QGz1dacdDGrprR8lDIL11071643_00_00QGz1dacdDGrprR8lDIL1.png/dims/resize/1280/quality/90/format/avif/optimize,마스크팩,다이소,3월 베스트 랭킹
575.0,-2,메디필,메디필 멜라논엑스 기미스팟젤 15 ml,5000,https://cdn.daisomall.co.kr/file/PD/20251209/APKAJke4w5E4iFg3c4GM1073255_00_00APKAJke4w5E4iFg3c4GM.jpg/dims/resize/1280/quality/90/format/avif/optimize,스킨케어,다이소,3월 베스트 랭킹
582.0,0,메디필,메디필 엑스트라 슈퍼 9 플러스 모공 타이트닝 앰플 40 ml,5000,https://cdn.daisomall.co.kr/file/PD/20250904/ZX78s5GdJvHddQkeLrgW1038892_00_01ZX78s5GdJvHddQkeLrgW.png/dims/resize/1280/quality/90/format/avif/optimize,스킨케어,다이소,3월 베스트 랭킹
597.0,1,파넬,파넬 피치마누 틴티드 톤업 세럼 30 ml,1000,https://cdn.daisomall.co.kr/file/PD/20260123/koKpbhjyZcfSvXlrkhEI1038593_00_01koKpbhjyZcfSvXlrkhEI.jpg/dims/resize/1280/quality/90/format/avif/optimize,스킨케어,다이소,3월 베스트 랭킹
